iteration,strategy,ar_val,bg_val,de_val,el_val,es_val
iter_1,average_dist,0.7962943795960874,0.8285513869677111,0.8325694383203012,0.8193048574605961,0.846033893570845
iter_1,gold_ur,0.741612690416217
iter_1,egalitarian,0.7996338776633498,0.8307399348053658,0.8320115766552391,0.8094151394416181,0.844609539810531
iter_1,random,0.7988080611535985,0.8344116916452383,0.8422404838830151,0.8171347330581215,0.8480588714720728
iter_1,uncertainty,0.7994135063989124,0.8312266601101534,0.8344554053275673,0.8165106220011159,0.8552546180806041
iter_1,knn_uncertainty_k_1,0.7791066594988164,0.8236333526002504,0.8233809651089913,0.8013949830588201,0.8382216012678333
