iteration,strategy,id_val,fi_val,te_val,ru_val,sw_val
iter_1,knn_uncertainty_k_1,79.85388912933148,76.61514902852234,75.14315426735469,71.14051322588571,76.56857893800253
iter_1,gold_ar,72.92858546106035
iter_1,uncertainty,77.842932078056,78.29950952257357,75.62382886246546,69.68563204731534,74.99360057470874
iter_1,average_dist,77.24691938683162,73.35094666440644,75.44470374985565,70.11863229568057,73.98306742460247
iter_1,random,77.49294027802249,75.7055410458468,75.06652654657219,70.06432354076726,77.03700240900197
iter_1,egalitarian,78.03483805371472,77.6328884534041,76.5055387121545,71.31925113459093,74.68078133167998
