iteration,strategy,af_val,ar_val,bg_val,bn_val,de_val
iter_1,uncertainty_margin_min,0.77421423989737,0.4461323036449273,0.7870924142591653,0.6105810928013877,0.7651381332579664
iter_1,gold_ur,0.8172248803827752
iter_1,egalitarian,0.7730986800754243,0.5333884981381879,0.8085434549356224,0.6896849374190764,0.7765155462914711
iter_1,average_dist,0.783558124598587,0.4998983450575367,0.8052805280528051,0.709427464485579,0.7737851029214119
iter_1,random,0.7871794871794872,0.5098430102167953,0.8211183962102229,0.6640591047370709,0.7706897776514883
iter_1,knn_uncertainty_k_1_margin_min,0.7236397171841378,0.6283963557203902,0.7783386261073041,0.74,0.7579492067815076
