{"en_val": 0.8867409715874016, "en_test": 0.8822383306566565}