iteration,strategy,af_val,ar_val,bg_val,bn_val,de_val
iter_1,knn_uncertainty_k_1_margin_min,0.6731967943009797,0.5394589155087666,0.7328435410008894,0.7057808455565143,0.7111723775764737
iter_1,egalitarian,0.6867878041268863,0.41802743305029394,0.7399960050602571,0.5953731994762113,0.6964473194025806
iter_1,uncertainty_margin_min,0.7352647352647353,0.39901195359710645,0.7298412043720354,0.4944616747895436,0.7180275095112673
iter_1,average_dist,0.6926677067082684,0.3404150197628459,0.6867861885790173,0.5383333333333333,0.6872434962520775
iter_1,random,0.6867878041268863,0.41802743305029394,0.7399960050602571,0.5953731994762113,0.6964473194025806
iter_1,gold_ur,0.6729059429106224
