iteration,strategy,af_val,ar_val,bg_val,bn_val,de_val
iter_1,egalitarian,0.7296052631578948,0.4288666896314157,0.7560118514435333,0.6031331592689295,0.7382823871906843
iter_1,gold_ur,0.6733576642335766
iter_1,random,0.7296052631578948,0.4288666896314157,0.7560118514435333,0.6031331592689295,0.7382823871906843
iter_1,knn_uncertainty_k_1_margin_min,0.644793152639087,0.5838426053700271,0.7192686721991701,0.7034007748600948,0.6881617553259344
iter_1,uncertainty_margin_min,0.7441099476439791,0.4129414252484669,0.7458377310952979,0.5565293602103418,0.7303071721458888
iter_1,average_dist,0.7103755569700828,0.31964619005112394,0.6918158995815901,0.4917756221003796,0.6974570063138801
