iteration,strategy,af_val,ar_val,bg_val,bn_val,de_val
iter_1,average_dist,0.7766059443911795,0.47619809584766787,0.8019936258222011,0.7163793103448276,0.7720953151948188
iter_1,random,0.776937618147448,0.6091744673641407,0.8068269976726145,0.726643598615917,0.7891414141414141
iter_1,gold_ur,0.8114014251781472
iter_1,egalitarian,0.7881087919038584,0.4632320207211947,0.8053130162154872,0.6414770287677114,0.7866811234304502
iter_1,uncertainty_margin_min,0.7775641025641026,0.43227592080051097,0.7785762711864408,0.6339324857518632,0.7588862977881422
iter_1,knn_uncertainty_k_1_margin_min,0.7347703842549204,0.6156899275039488,0.7831394368571911,0.7381676074685193,0.7658867506576215
