iteration,strategy,id_val,fi_val,te_val,ru_val,sw_val
iter_1,random,79.83953722787221,76.91816534590362,76.21306025414047,71.49514056523924,77.0163045097607
iter_1,average_dist,78.74786667188442,75.26206045091453,76.55690986386972,71.15314704765473,73.5603868006571
iter_1,uncertainty,80.06756027010107,78.79435601530318,75.54264170328713,71.99687968029026,77.49260714661308
iter_1,gold_ar,75.4586725074726
iter_1,egalitarian,77.84361783546008,76.93375455736658,76.13559823858608,71.66461944073917,76.86189916482157
iter_1,knn_uncertainty_k_1,81.01969599910059,77.29666331917403,75.1862413894247,72.49496946550478,75.81683379771339
