iteration,strategy,id_val,fi_val,te_val,ru_val,sw_val
iter_1,average_dist,78.16656960685623,74.512957252645,76.40812781385404,71.31945027988883,73.6638711029616
iter_1,egalitarian,78.63825306580118,76.1489315263499,75.78334455892588,69.70526405047161,75.62375975704322
iter_1,gold_ar,75.14982964501145
iter_1,knn_uncertainty_k_1,80.953884377627,77.94496728610966,75.87116264655982,72.97511731286451,75.47909280269698
iter_1,random,78.67333913280338,76.71670791134649,76.57946345089319,71.06365509743328,77.74431818412788
iter_1,uncertainty,79.96581493385936,79.17852760689371,75.41050187165881,72.19435859947126,77.3365830563413
