{
    "epoch": 2.0,
    "eval_HasAns_exact": 83.04655870445345,
    "eval_HasAns_f1": 88.82766502432892,
    "eval_HasAns_total": 5928,
    "eval_NoAns_exact": 85.85365853658537,
    "eval_NoAns_f1": 85.85365853658537,
    "eval_NoAns_total": 5945,
    "eval_best_exact": 84.452118251495,
    "eval_best_exact_thresh": 0.0,
    "eval_best_f1": 87.33853265932957,
    "eval_best_f1_thresh": 0.0,
    "eval_exact": 84.452118251495,
    "eval_f1": 87.33853265932973,
    "eval_runtime": 170.5154,
    "eval_samples": 14853,
    "eval_samples_per_second": 87.107,
    "eval_steps_per_second": 2.727,
    "eval_total": 11873,
    "train_loss": 0.7592831039896389,
    "train_runtime": 10690.0852,
    "train_samples": 156601,
    "train_samples_per_second": 29.298,
    "train_steps_per_second": 0.916
}