iteration,strategy,af_val,ar_val,bg_val,bn_val,de_val
iter_1,average_dist,0.776735459662289,0.5366455540018097,0.8058635214827296,0.7222222222222222,0.7785704391189916
iter_1,knn_uncertainty_k_1_margin_min,0.7788121990369182,0.6931574890810995,0.8067347426658926,0.7164436771687528,0.785942719067586
iter_1,egalitarian,0.7872474747474748,0.5353196365719899,0.8117560024211447,0.6816027574321413,0.7849315548086685
iter_1,gold_ur,0.8139646102343376
iter_1,uncertainty_margin_min,0.6254545454545454,0.3242486684032503,0.5657907340591972,0.5160503860219423,0.635868293498245
iter_1,random,0.7748260594560403,0.6146158650843223,0.8253957515897714,0.7719453021614467,0.7715157959729702
