iteration,strategy,ar_val,bg_val,de_val,el_val,es_val
iter_1,uncertainty,0.7663124031714438,0.8065105286003024,0.820800188058354,0.7945776344766314,0.8213258553905013
iter_1,gold_ur,0.7358469949576889
iter_1,random,0.7399414017705611,0.7856797074531638,0.7977657417900046,0.7711452901227763,0.8037659574594453
iter_1,average_dist,0.7733169451179263,0.8159720343108204,0.8194468317395526,0.796391096514748,0.8435811899192374
iter_1,knn_uncertainty_k_1,0.7693267408022085,0.809255707798627,0.7943862566619699,0.7911755221833296,0.818305061179088
iter_1,egalitarian,0.7399414017705611,0.7856797074531638,0.7977657417900046,0.7711452901227763,0.8037659574594453
