iteration,strategy,ur_test
iter_1,uncertainty,0.7144166154923592
iter_1,gold_ur,0.7266642853375684
iter_1,random,0.6798235040265522
iter_1,average_dist,0.7104735507589158
iter_1,knn_uncertainty_k_1,0.6937551562092978
iter_1,egalitarian,0.6798235040265522
