{
    "epoch": 2.0,
    "eval_HasAns_exact": 81.5114709851552,
    "eval_HasAns_f1": 87.58403217078144,
    "eval_HasAns_total": 5928,
    "eval_NoAns_exact": 88.54499579478554,
    "eval_NoAns_f1": 88.54499579478554,
    "eval_NoAns_total": 5945,
    "eval_best_exact": 85.03326876105449,
    "eval_best_exact_thresh": 0.0,
    "eval_best_f1": 88.06520194629728,
    "eval_best_f1_thresh": 0.0,
    "eval_exact": 85.03326876105449,
    "eval_f1": 88.06520194629752,
    "eval_runtime": 258.9795,
    "eval_samples": 13811,
    "eval_samples_per_second": 53.329,
    "eval_steps_per_second": 1.668,
    "eval_total": 11873,
    "train_loss": 0.5757753217768096,
    "train_runtime": 15314.1143,
    "train_samples": 146224,
    "train_samples_per_second": 19.097,
    "train_steps_per_second": 0.597
}