iteration,strategy,af_val,ar_val,bg_val,bn_val,de_val
iter_1,random,0.7789021772462433,0.5361535071906421,0.794128319313871,0.7250755287009064,0.7668724003756876
iter_1,gold_ur,0.7630597014925374
iter_1,average_dist,0.7866752081998719,0.49198606271777007,0.8133613958856679,0.7150886294855168,0.7819522348043885
iter_1,uncertainty_margin_min,0.7768962234211362,0.4364864301496644,0.7840672268907564,0.6389969736273239,0.7683978903985192
iter_1,egalitarian,0.7853470437017995,0.48128563166157146,0.8064910374796305,0.6452442159383034,0.7739343737779516
iter_1,knn_uncertainty_k_1_margin_min,0.7564022485946285,0.6354923992068738,0.7906303638138188,0.7305025996533795,0.7731150485269229
