{"English_val": 0.953138438742751, "English_test": 0.9546372426287878}