iteration,strategy,ur_test
iter_1,uncertainty_margin_min,0.7534311405584477
iter_1,average_dist,0.8300622307324079
iter_1,random,0.7852412488174078
iter_1,knn_uncertainty_k_1_margin_min,0.8277511961722488
iter_1,gold_ur,0.8726392251815981
iter_1,egalitarian,0.7982708933717578
