iteration,strategy,af_val,ar_val,bg_val,bn_val,de_val
iter_1,uncertainty_margin_min,0.8160513643659711,0.6245337580151712,0.8450627200328127,0.7731913004882379,0.7951267329505671
iter_1,average_dist,0.8098749599230523,0.6921856737351811,0.8423569598633647,0.7571365832235398,0.8062600035568201
iter_1,random,0.8148387096774192,0.7355927846094521,0.8565348709500276,0.7258485639686685,0.8124622544317738
iter_1,knn_uncertainty_k_1_margin_min,0.8078785921859865,0.7227743709029393,0.8240549828178695,0.7688927943760985,0.7943621766280108
iter_1,gold_ur,0.8768186226964113
iter_1,egalitarian,0.8284600389863548,0.734737747205503,0.8480126857182254,0.7728482697426796,0.7999717074550855
