iteration,strategy,id_val,fi_val,te_val,ru_val,sw_val
iter_1,knn_uncertainty_k_1,80.99219954361305,78.7415989788632,76.60480914873796,74.40775828495575,74.63862802546481
iter_1,uncertainty,83.4469064736501,80.42702891117946,76.92515637478533,73.58421542790009,78.01601974082283
iter_1,random,80.29816542129844,80.0596324256795,77.84187044184925,72.08789661599923,78.27127762717834
iter_1,average_dist,79.39296865042662,78.63316458469447,76.30395815092668,74.2124628104365,75.01064111518554
iter_1,egalitarian,81.20397508113683,78.84753944591303,77.46269679710164,72.46886554928241,77.9113936649796
iter_1,gold_ar,76.5742487065153
