iteration,strategy,ar_val,bg_val,de_val,el_val,es_val
iter_1,uncertainty,0.8056390118771524,0.8376909368833113,0.8406371381609621,0.8256105872947941,0.8617687592438346
iter_1,egalitarian,0.799540821212407,0.8329266866222171,0.8346841930361812,0.8162594571129433,0.8484034606750502
iter_1,gold_ur,0.7583232483424095
iter_1,knn_uncertainty_k_1,0.8062815496428284,0.8358008495789425,0.8351015185709539,0.8228478175529759,0.8436752581775877
iter_1,random,0.7813823835627858,0.8232874258975974,0.8330721617060262,0.8056234642261313,0.8499412410380793
iter_1,average_dist,0.7884449891067539,0.8322803967953819,0.836861750509193,0.8125635646321431,0.8494271913610529
