iteration,strategy,ur_test
iter_1,uncertainty,0.7400116424702142
iter_1,egalitarian,0.7326838347298704
iter_1,gold_ur,0.7390092595628961
iter_1,knn_uncertainty_k_1,0.7287805348881745
iter_1,random,0.7110282040903809
iter_1,average_dist,0.7268932381141805
