iteration,strategy,ar_val,bg_val,de_val,el_val,es_val
iter_1,uncertainty,0.7760553994554672,0.8153800728095698,0.8286299128838186,0.8031843315717361,0.8395481907475443
iter_1,random,0.8043738616990953,0.8346371371850277,0.841159977171455,0.8218329248263259,0.8512633377048151
iter_1,average_dist,0.7180855694166921,0.7859749914853483,0.7950108448751324,0.757449896460291,0.8036920642879924
iter_1,egalitarian,0.7990689369374547,0.8320450033326823,0.8448521085621032,0.826680537611406,0.8454936636415942
iter_1,knn_uncertainty_k_1,0.7983498435628043,0.8380828407261469,0.8317881481698477,0.8158538863502043,0.8438003533179171
iter_1,gold_ur,0.7525133712990077
