iteration,strategy,id_val,fi_val,te_val,ru_val,sw_val
iter_1,random,76.58556505720814,74.38084528798166,74.78768680840085,67.56432023963134,76.20198658751991
iter_1,egalitarian,76.58556505720814,74.38084528798166,74.78768680840085,67.56432023963134,76.20198658751991
iter_1,gold_ar,70.56381466191506
iter_1,knn_uncertainty_k_1,76.46127000581849,74.60432710731965,75.65116544750802,67.63785918929764,76.13031167049144
iter_1,average_dist,76.02476743572863,73.67661629538091,75.10922495224469,69.17834088014376,75.21610725477348
iter_1,uncertainty,76.5890313929126,74.88300588747113,75.31039694497679,68.42875495015325,75.53222953103496
