iteration,strategy,id_val,fi_val,te_val,ru_val,sw_val
iter_1,knn_uncertainty_k_1,76.6297957749074,74.43086641795519,75.22780642760367,68.7521423914376,75.53012171700054
iter_1,random
iter_1,egalitarian,75.97288332972941,74.3148096965972,75.89515754764022,67.8526300315061,75.1798329709957
iter_1,average_dist,75.61692685033508,72.88964880035473,74.88792348376404,68.86534885065502,74.95284706949495
iter_1,uncertainty,76.16691511954825,74.82874619734464,75.55925853475462,68.1712711957808,76.02983218621992
iter_1,gold_ar,70.38099616465423
