iteration,strategy,ar_val,bg_val,de_val,el_val,es_val
iter_1,uncertainty,0.79441490027659,0.8331539209996413,0.8399831399181872,0.820286821686293,0.8591345194395225
iter_1,gold_ur,0.7382637143943955
iter_1,knn_uncertainty_k_1,0.7988349085172309,0.8338359866474805,0.8304327800524133,0.8150019508789681,0.8468764087938147
iter_1,average_dist,0.7741193974350223,0.8198335666232172,0.8274381231725039,0.8040458329017707,0.8429226030308266
iter_1,egalitarian,0.8032168423384342,0.8398177347811935,0.8354815505566512,0.8151809113003781,0.8531608112944492
iter_1,random,0.7962721045796289,0.8385273848030286,0.8372947479524898,0.8219283955891186,0.8528321438245372
