iteration,strategy,ur_test
iter_1,uncertainty,0.7380615804292133
iter_1,gold_ur,0.7254534693617897
iter_1,knn_uncertainty_k_1,0.7265328820593692
iter_1,average_dist,0.7095710311989396
iter_1,egalitarian,0.730257167219941
iter_1,random,0.7426983512667812
