iteration,strategy,af_val,ar_val,bg_val,bn_val,de_val
iter_1,knn_uncertainty_k_1_margin_min,0.791653290529695,0.7072342210106941,0.8298848999725951,0.7228707306528318,0.7864993263844573
iter_1,random,0.8246753246753247,0.6523297491039427,0.8492517757396042,0.7498893315626384,0.7965871769241752
iter_1,average_dist,0.7972027972027972,0.6220760842420711,0.8372298791900631,0.7312013828867762,0.8009341164814946
iter_1,egalitarian,0.8056356067883446,0.6615866565066464,0.8426750719473757,0.738354375272094,0.794109357384442
iter_1,uncertainty_margin_min,0.7477393202369816,0.471118557523536,0.7762465881099793,0.669198312236287,0.7533641429930679
iter_1,gold_ur,0.8587951807228916
