iteration,strategy,id_val,fi_val,te_val,ru_val,sw_val
iter_1,uncertainty,82.5227915779535,80.17826451508815,75.47648989433928,72.20401217726142,78.12092104396616
iter_1,egalitarian,80.32791566930435,79.34034896926593,76.74346130081345,71.68104648800303,79.20996569430952
iter_1,random,79.92098150445952,80.03243514572478,76.67330239137739,71.94456735210036,76.52860489600745
iter_1,knn_uncertainty_k_1,80.33189199996394,77.28182626407272,76.54077138158152,72.96802735180678,72.89990509619264
iter_1,average_dist,78.48036973148088,76.47927397398038,76.1432523412111,72.02380279803855,74.65753511245397
iter_1,gold_ar,75.48669350919968
