iteration,strategy,ar_val,bg_val,de_val,el_val,es_val
iter_1,egalitarian,0.8077754200512476,0.8375083255496371,0.8393333827875665,0.8197095765216414,0.853634688371672
iter_1,knn_uncertainty_k_1,0.8057159015128624,0.8356470100839563,0.8314463406756725,0.8147281417397185,0.847191792731699
iter_1,average_dist,0.7907858913630528,0.8316527271648988,0.838747421773252,0.8170742811503311,0.852188088357634
iter_1,random,0.8066931382052537,0.8370387957180827,0.8406685332365457,0.8166238644352641,0.8553905085332376
iter_1,uncertainty,0.8103491172127836,0.8370108596768592,0.8421551001156437,0.8227586660894901,0.858644459390134
iter_1,gold_ur,0.6950468396591531
