iteration,strategy,af_val,ar_val,bg_val,bn_val,de_val
iter_1,egalitarian,0.8460038986354774,0.7472461788062505,0.853897106771459,0.7715780296425457,0.8125703828828829
iter_1,average_dist,0.8180364566677327,0.7199170984455957,0.8626352729661516,0.7642919964819701,0.8145861747182543
iter_1,uncertainty_margin_min,0.8195976638546398,0.71753566685232,0.8610223093052833,0.7637168141592919,0.8092147493046146
iter_1,knn_uncertainty_k_1_margin_min,0.8111615833874108,0.7744490358126722,0.83467172152335,0.7651715039577837,0.809522099745072
iter_1,random,0.8363518758085382,0.7622335375852248,0.864836800387664,0.7632385120350109,0.8106676212636479
iter_1,gold_ur,0.8894277400581959
