iteration,strategy,ur_test
iter_1,knn_uncertainty_k_1,0.7110768617290631
iter_1,gold_ur,0.7059465134234029
iter_1,uncertainty,0.7327030502722666
iter_1,average_dist,0.7096977314428039
iter_1,random,0.6516424125844746
iter_1,egalitarian,0.6516424125844746
