iteration,strategy,ar_val,bg_val,de_val,el_val,es_val
iter_1,knn_uncertainty_k_1,0.7896874709973217,0.820375530607922,0.8145892602754404,0.8006344312984269,0.8317726639632984
iter_1,gold_ur,0.7196420514319021
iter_1,uncertainty,0.7846905776411821,0.8133492671088073,0.8299997639833375,0.8062926701329105,0.829299640252578
iter_1,average_dist,0.7707585766279335,0.8189199112061276,0.822277932302087,0.7985020176772021,0.8412670592702265
iter_1,random,0.729015491265372,0.7823543384159569,0.7897595553459578,0.7632704017939171,0.8096864234840202
iter_1,egalitarian,0.729015491265372,0.7823543384159569,0.7897595553459578,0.7632704017939171,0.8096864234840202
