iteration,strategy,id_val,fi_val,te_val,ru_val,sw_val
iter_1,knn_uncertainty_k_1,80.1816562667766,77.7713227517121,76.60055436114031,73.3566802320016,73.74726741238639
iter_1,uncertainty,82.14822193102036,80.896287305187,75.71895989249646,72.51813811230083,77.77281126970402
iter_1,average_dist,78.71250383621368,76.2958035892091,77.10857598905585,72.89070909344308,74.32609980188752
iter_1,egalitarian,78.73283933267722,77.13661009323653,76.25516064930244,72.13865251413375,76.41101983355158
iter_1,random,80.13278882632251,79.07761596811842,76.21590794338789,71.40331880204293,76.76318121704108
iter_1,gold_ar,74.33103749517412
