iteration,strategy,id_val,fi_val,te_val,ru_val,sw_val
iter_1,random,76.9194544545276,76.68778348474093,76.20110571785283,68.87097281643378,74.10252946770186
iter_1,uncertainty,78.07431517459625,78.10809828787083,75.75608364945172,70.37313724824867,76.27375810798108
iter_1,average_dist,76.65698482036944,74.43703264069478,75.91857831760979,70.15511637781559,73.72420981115242
iter_1,knn_uncertainty_k_1,78.96096606417694,76.2627407865128,74.85599715782232,70.96739572706196,77.1416597817256
iter_1,egalitarian,77.70462879334498,77.08509961966291,77.387446900394,69.30266385479729,76.02647621795771
iter_1,gold_ar,73.42223221668385
