iteration,strategy,ur_test
iter_1,knn_uncertainty_k_1,0.7228198547533619
iter_1,average_dist,0.7290361688804391
iter_1,egalitarian,0.709040119295434
iter_1,random,0.7359562999512667
iter_1,uncertainty,0.7389294634380535
iter_1,gold_ur,0.7170913355890566
