iteration,strategy,ar_val,bg_val,de_val,el_val,es_val
iter_1,knn_uncertainty_k_1,0.8059404771004499,0.830681968935526,0.8324142458254429,0.8169932180720322,0.8465432234097781
iter_1,average_dist,0.793175581463574,0.8262001249129811,0.8365472969659757,0.8143436773780934,0.8510889208614815
iter_1,egalitarian,0.7776500998133548,0.8130284527099333,0.8173277886597344,0.7970042639723103,0.8442871585817046
iter_1,random,0.8023114924527118,0.8346698371831812,0.8310513037529798,0.8131415440646846,0.8494324926194106
iter_1,uncertainty,0.8046606636818086,0.8329629904872656,0.838180141728669,0.8244182273244212,0.8585747963583753
iter_1,gold_ur,0.7234255517804907
