iteration,strategy,id_val,fi_val,te_val,ru_val,sw_val
iter_1,knn_uncertainty_k_1,80.86670096842961,78.29384256046258,75.88541552210266,72.89500854618612,75.26188257973996
iter_1,random,80.17470688032378,78.97474160615369,76.68560930661799,70.32149627866218,78.36900323105466
iter_1,uncertainty,80.3703219127055,79.21638478855652,75.68158325680112,71.92122415674584,77.32248799999954
iter_1,egalitarian,78.80644668794788,77.73286454606786,76.00170738248333,69.93574357379205,77.88513239145772
iter_1,gold_ar,74.09024669326773
iter_1,average_dist,78.3467139675665,74.42029700849048,76.78951707857412,71.46247504821997,73.3073002603747
