iteration,strategy,ar_val,bg_val,de_val,el_val,es_val
iter_1,knn_uncertainty_k_1,0.7759998333345999,0.8146044681213193,0.806877029601358,0.7908669919399021,0.830797774463358
iter_1,egalitarian,0.7485191495969294,0.7946217605256147,0.7982491654037702,0.7794836979085694,0.819090619000988
iter_1,gold_ur,0.7156116596024898
iter_1,random,0.7485191495969294,0.7946217605256147,0.7982491654037702,0.7794836979085694,0.819090619000988
iter_1,average_dist,0.6183920361072031,0.7018899399979421,0.7123576527173217,0.6777006002713111,0.7290091776377106
iter_1,uncertainty,0.7500108415568006,0.7920097310001974,0.8079507062189438,0.7796617840548996,0.8236239789519401
