iteration,strategy,ar_val,bg_val,de_val,el_val,es_val
iter_1,egalitarian,0.7882549809314957,0.8282766638722824,0.8345547661073789,0.8066654057097149,0.8452878181099676
iter_1,average_dist,0.7831992146790097,0.8266730747211302,0.8385866768089526,0.8115697440091512,0.8453369037543249
iter_1,gold_ur,0.7320671720365736
iter_1,uncertainty,0.8076558941502399,0.8323467952535085,0.8339041699239962,0.8124529130068705,0.855289171348872
iter_1,knn_uncertainty_k_1,0.7921215500634928,0.8293553033465458,0.8237271831276023,0.8121653154911619,0.8402828335761768
iter_1,random,0.7820738049891679,0.8251598614702156,0.8239514661083288,0.7982367453394889,0.8455204502350905
