iteration,strategy
iter_1,average_dist
iter_1,knn_uncertainty_k_1
iter_1,egalitarian,77.19315527193304,76.25315441715148,75.89739906556353,67.52914121715548,77.12897182742503
iter_1,gold_ar,70.08454782151382
iter_1,random,76.50404360335574,75.46879708954833,76.2173890254332,70.24042086075424,75.83683581083586
iter_1,uncertainty
