iteration,strategy,af_val,ar_val,bg_val,bn_val,de_val
iter_1,knn_uncertainty_k_1_margin_min,0.7179173047473202,0.5536045792079208,0.7522250741691391,0.7044673539518901,0.7420680363758841
iter_1,average_dist,0.7401220687439768,0.4414763034161362,0.7345997286295793,0.6271260357610119,0.7279141970081852
iter_1,gold_ur,0.8020784128483702
iter_1,egalitarian,0.7426218256691832,0.4527452331725247,0.7487793577818167,0.5973185390661118,0.715793455645924
iter_1,random,0.7426218256691832,0.4527452331725247,0.7487793577818167,0.5973185390661118,0.715793455645924
iter_1,uncertainty_margin_min,0.7868852459016393,0.440550249715237,0.7788701997190917,0.6203496190049306,0.7708378515144942
