iteration,strategy,ar_val,bg_val,de_val,el_val,es_val
iter_1,knn_uncertainty_k_1,0.7988605514325751,0.8346482797094715,0.8324826358413205,0.8186893133527415,0.8473860837087802
iter_1,random,0.8067835734430638,0.8455216619933447,0.8417601665313162,0.8274308494185438,0.8599405480256546
iter_1,uncertainty,0.794081177012411,0.8331569387099467,0.8423097826684887,0.8226279016579667,0.8578932085337829
iter_1,average_dist,0.774493546549964,0.8220005738386774,0.8257041359762594,0.8024910951266664,0.8436907133428196
iter_1,egalitarian,0.7944555975111066,0.8320498266783661,0.8327025207763142,0.8114505763810006,0.8482469337235543
iter_1,gold_ur,0.7472513907945839
