iteration,strategy,id_val,fi_val,te_val,ru_val,sw_val
iter_1,egalitarian,76.02439091334726,75.24705859044656,75.7820752776952,68.00794435974564,75.17438374286115
iter_1,average_dist,75.6224109109593,73.2480171053316,75.00341280641449,69.07520843965328,74.8611039502289
iter_1,random,76.39736162456325,75.65009476762287,75.60413566474398,67.63251921588187,75.46113222608265
iter_1,knn_uncertainty_k_1,76.37395122980178,74.46559220589604,75.63216133195857,68.9453098835123,75.36352492043433
iter_1,uncertainty,76.53158859822035,75.36727119255656,75.64023357310391,68.21860941336662,75.82964478725576
iter_1,gold_ar,70.17984770778207
