iteration,strategy,ur_test
iter_1,egalitarian,0.6737918215613383
iter_1,uncertainty_margin_min,0.29325259515570934
iter_1,average_dist,0.7117863720073665
iter_1,gold_ur,0.7945334590009425
iter_1,knn_uncertainty_k_1_margin_min,0.8154875717017209
iter_1,random,0.6987839101964453
