iteration,strategy,af_val,ar_val,bg_val,bn_val,de_val
iter_1,egalitarian,0.7973231357552581,0.4941819537040871,0.8199301292270121,0.6904864399483426,0.781005039193729
iter_1,uncertainty_margin_min,0.6035215543412265,0.2887451691773799,0.5113309926587934,0.4347127360385697,0.6093593090982125
iter_1,average_dist,0.7654013690105786,0.5344652504163452,0.807870215190722,0.7372515125324114,0.7839708059352084
iter_1,gold_ur,0.8066508313539192
iter_1,knn_uncertainty_k_1_margin_min,0.7688345138441726,0.6894396643979283,0.8097168774051676,0.7203131796433233,0.7826148761505384
iter_1,random,0.7822503961965135,0.6056166056166056,0.8145432530606754,0.7012195121951219,0.7922904715265146
