iteration,strategy,af_val,ar_val,bg_val,bn_val,de_val
iter_1,average_dist,0.8188824662813102,0.7047861075815333,0.8563758389261744,0.7318557149065623,0.8121657277330101
iter_1,egalitarian,0.8213938411669368,0.7093756704569835,0.8551624249948273,0.7608120035304501,0.8067101186024147
iter_1,uncertainty_margin_min,0.8076923076923077,0.6333110031820466,0.8452088452088453,0.7514248136782112,0.7967923801519767
iter_1,knn_uncertainty_k_1_margin_min,0.8115569823434993,0.7747709171876339,0.8373599862140273,0.782799473453269,0.8021868076895592
iter_1,random,0.8120740019474196,0.6659322033898304,0.8270466037993712,0.7506631299734748,0.7979736720059933
iter_1,gold_ur,0.8766990291262136
