iteration,strategy,ar_val,bg_val,de_val,el_val,es_val
iter_1,knn_uncertainty_k_1,0.7888200830832499,0.8305073924183087,0.8179464790054531,0.8037718960748585,0.8407339575876424
iter_1,egalitarian,0.7965506710934672,0.8313998238351156,0.8261286265058098,0.8190783905619512,0.847442680776014
iter_1,average_dist,0.8016438718822435,0.8310524548947901,0.8321873879090469,0.8215844112306536,0.8500425751082981
iter_1,random,0.7941547224540919,0.8284214790274492,0.8352020590570874,0.8135856790809338,0.8421323149439537
iter_1,gold_ur,0.7456235419460313
iter_1,uncertainty,0.802423848280294,0.8345116909102916,0.837410714963732,0.8153672770999335,0.859074620566247
