iteration,strategy,id_val,fi_val,te_val,ru_val,sw_val
iter_1,uncertainty,82.3284110937394,80.37632541372841,76.79868272529376,73.84720631771692,77.78150378733052
iter_1,average_dist,78.97896110186313,77.64705995768772,76.53850302957967,73.4093622242564,74.98858702122813
iter_1,random,81.61500497338412,80.13394924798564,76.80105035901988,72.06292452686031,78.6524287230681
iter_1,egalitarian,80.84661027887454,79.48001747305156,76.81061444091614,73.26590013414025,79.73162249947808
iter_1,knn_uncertainty_k_1,81.27979706268933,78.36457893758418,76.87127893658887,74.0422985670634,74.59427563280491
iter_1,gold_ar,75.36364270334379
