iteration,strategy,id_val,fi_val,te_val,ru_val,sw_val
iter_1,egalitarian,80.83541893790357,79.24946208129302,77.1000248500454,71.00733983502082,78.62832988520776
iter_1,average_dist,78.9385591489589,78.0318982982493,76.25584960434227,74.54803992910654,74.73611314570343
iter_1,gold_ar,76.14993774855577
iter_1,knn_uncertainty_k_1,81.07059154629741,78.38081888394323,76.44299147894753,73.65635530974426,74.3566755233288
iter_1,uncertainty,82.59404485443167,79.71559928775186,77.22417825475905,74.0046717447572,78.24750745746263
iter_1,random,80.65675205718513,80.09822862838253,77.09453974198927,72.79668486812727,77.66324703169937
