{"en_val": 0.8442479118410894, "en_test": 0.835965286669512}