iteration,strategy,ar_val,bg_val,de_val,el_val,es_val
iter_1,egalitarian,0.7836241756960931,0.8224674540366845,0.8247027388125983,0.8053900528108033,0.8442735071183298
iter_1,average_dist,0.7774760300996332,0.8194748675452307,0.8235941804468078,0.7951909173235486,0.8419126545342998
iter_1,gold_ur,0.6979697510463667
iter_1,uncertainty,0.7799441818810896,0.8125950511612059,0.8253859617273057,0.8034925513068352,0.8348428929941492
iter_1,knn_uncertainty_k_1,0.7878468819941108,0.8199392791210068,0.8129976476537129,0.8005468025303566,0.8277605530292591
iter_1,random,0.7836241756960931,0.8224674540366845,0.8247027388125983,0.8053900528108033,0.8442735071183298
