{
    "epoch": 2.0,
    "eval_HasAns_exact": 82.01754385964912,
    "eval_HasAns_f1": 87.73108926795835,
    "eval_HasAns_total": 5928,
    "eval_NoAns_exact": 85.65180824222035,
    "eval_NoAns_f1": 85.65180824222035,
    "eval_NoAns_total": 5945,
    "eval_best_exact": 83.83727785732334,
    "eval_best_exact_thresh": 0.0,
    "eval_best_f1": 86.68996017691023,
    "eval_best_f1_thresh": 0.0,
    "eval_exact": 83.83727785732334,
    "eval_f1": 86.68996017691032,
    "eval_runtime": 230.8376,
    "eval_samples": 14853,
    "eval_samples_per_second": 64.344,
    "eval_steps_per_second": 2.014,
    "eval_total": 11873,
    "train_loss": 0.7292544758948297,
    "train_runtime": 15194.0223,
    "train_samples": 156601,
    "train_samples_per_second": 20.614,
    "train_steps_per_second": 0.644
}