iteration,strategy,id_val,fi_val,te_val,ru_val,sw_val
iter_1,knn_uncertainty_k_1,78.52468044224227,75.9932109602371,75.12349138143446,71.34205455826009,76.4782754787154
iter_1,gold_ar,73.52871382304845
iter_1,average_dist,76.75237485103807,74.12180585657852,75.8590338701935,70.44714201319788,74.35760076763877
iter_1,random,76.90526160017798,74.09487854640075,75.95229008192908,69.98343928455462,77.996862336482
iter_1,egalitarian,78.96471717798455,75.39143082851739,76.50353323900929,70.68743562887082,75.5604969432898
iter_1,uncertainty,78.15157802281524,78.25242116416862,75.5122833443585,69.74707725197945,75.3609280720956
