iteration,strategy,af_val,ar_val,bg_val,bn_val,de_val
iter_1,random,0.7904342353681562,0.6089994177825834,0.8183921923734782,0.682968682968683,0.7802026769965068
iter_1,uncertainty_margin_min,0.6566060979365568,0.3634626865671642,0.6133402644660321,0.5260994656802301,0.6684319516583495
iter_1,knn_uncertainty_k_1_margin_min,0.7930813581037797,0.6881243991138236,0.8077173057845585,0.7391113066432029,0.7805880269217145
iter_1,egalitarian,0.7952956134774316,0.5650990409983667,0.8165981866956433,0.6777635510029876,0.784394393696395
iter_1,gold_ur,0.7948839412600665
iter_1,average_dist,0.7779874213836478,0.5191183085919928,0.8098757138058448,0.7119377162629759,0.7746571319998619
