iteration,strategy,ur_test
iter_1,random,0.7150115473441109
iter_1,uncertainty_margin_min,0.4268878219118289
iter_1,knn_uncertainty_k_1_margin_min,0.8125894134477825
iter_1,egalitarian,0.6504809894640403
iter_1,gold_ur,0.7883074021687884
iter_1,average_dist,0.6737132352941176
