iteration,strategy,ar_val,bg_val,de_val,el_val,es_val
iter_1,average_dist,0.7866646009492487,0.8298466185637228,0.8369524399077486,0.8110419180693053,0.8433595110323051
iter_1,uncertainty,0.8041019466374741,0.831650952926744,0.8337695098861573,0.814776773597995,0.8562599407710298
iter_1,random,0.8027890835259527,0.8282005132820052,0.8318224002117468,0.8091149914339253,0.8449802546366177
iter_1,gold_ur,0.7448859573518442
iter_1,egalitarian,0.7947353289795601,0.831745379692384,0.8272340931650627,0.8059881308083953,0.8467971745045262
iter_1,knn_uncertainty_k_1,0.7931278392143052,0.8308703953448644,0.8295398555224651,0.809459980946179,0.8408423776951147
