iteration,strategy,ur_test
iter_1,average_dist,0.7245438253371038
iter_1,uncertainty,0.7248293254569799
iter_1,random,0.7302759918429331
iter_1,gold_ur,0.7427509131657603
iter_1,egalitarian,0.7271763839574009
iter_1,knn_uncertainty_k_1,0.7211865636506045
