{"en_val": 0.8928759835454797, "en_test": 0.8800174690701857}