{"en_val": 0.7989443711368845, "en_test": 0.7991254055579067}