iteration,strategy,id_val,fi_val,te_val,ru_val,sw_val
iter_1,knn_uncertainty_k_1,76.58256127234873,74.57212477978835,75.91933964673146,67.7538554200113,75.51222857403351
iter_1,average_dist,75.77505036510868,73.47217305027738,75.12952292650685,69.15718089455878,75.17820020769213
iter_1,uncertainty,76.71792109979111,75.11376288826324,75.17401752129983,68.0734948018013,75.77767820166554
iter_1,egalitarian,75.2497801696492,73.0787835876979,75.17879832834731,68.37734446820701,74.88047252147976
iter_1,gold_ar,69.8451570468342
iter_1,random,75.2497801696492,73.0787835876979,75.17879832834731,68.37734446820701,74.88047252147976
