{"en_val": 0.8326237174565505, "en_test": 0.8240747293185195}