iteration,strategy,af_val,ar_val,bg_val,bn_val,de_val
iter_1,egalitarian,0.8035828534868842,0.6861538461538461,0.8299105153083964,0.754083885209713,0.7982765374069722
iter_1,average_dist,0.8171905067350865,0.6945827232796485,0.8448187326691999,0.7566137566137567,0.8024831500532104
iter_1,uncertainty_margin_min,0.799492385786802,0.6135055686664183,0.8389807535917593,0.750766535260622,0.794830597275585
iter_1,knn_uncertainty_k_1_margin_min,0.7970456005138086,0.7611191427842504,0.8308105132792073,0.7793923381770146,0.7950230612463799
iter_1,gold_ur,0.8537054860442733
iter_1,random,0.808041504539559,0.743616287094548,0.8536366770079282,0.765301629238221,0.8072818133142959
