iteration,strategy,ur_test
iter_1,egalitarian,0.7935145445875059
iter_1,average_dist,0.8176160842508376
iter_1,uncertainty_margin_min,0.7074195053663089
iter_1,knn_uncertainty_k_1_margin_min,0.8507967165620474
iter_1,gold_ur,0.8479307025986524
iter_1,random,0.8235858101629913
