iteration,strategy,af_val,ar_val,bg_val,bn_val,de_val
iter_1,average_dist,0.7936608557844691,0.6364892592437503,0.8394247441607453,0.7299651567944252,0.7922169148637258
iter_1,random,0.8149340199549404,0.6859224123327121,0.8395619438740589,0.7417102966841187,0.7982878166124239
iter_1,egalitarian,0.8163526030022357,0.702806448861213,0.8305458493062388,0.7669902912621359,0.800772607550483
iter_1,gold_ur,0.8597768073750607
iter_1,uncertainty_margin_min,0.76375,0.48271115070046156,0.7957953936797001,0.6906906906906907,0.7549412483868777
iter_1,knn_uncertainty_k_1_margin_min,0.7933779051257561,0.7412901585148766,0.8322710385493711,0.7667396061269146,0.7902152364769187
