iteration,strategy,ur_test
iter_1,average_dist,0.7667761614265604
iter_1,random,0.7914691943127963
iter_1,egalitarian,0.7803716055264412
iter_1,gold_ur,0.8298795180722891
iter_1,uncertainty_margin_min,0.6534744592728946
iter_1,knn_uncertainty_k_1_margin_min,0.813640730067243
