iteration,strategy,ar_val,bg_val,de_val,el_val,es_val
iter_1,uncertainty,0.7997751194487219,0.8373566494041014,0.8421736914454147,0.8264318914821372,0.8592858817544033
iter_1,random,0.7875914163237886,0.8303275807383205,0.8318925938311281,0.8121718021170136,0.8494120388710005
iter_1,knn_uncertainty_k_1,0.8013372887517634,0.833464281937365,0.8325510587202346,0.8162399062073793,0.8499075816640715
iter_1,average_dist,0.7762690880933274,0.8248393001467348,0.8300720190647521,0.8071716387560726,0.8455654331786087
iter_1,gold_ur,0.7338656209377388
iter_1,egalitarian,0.7599581578475927,0.8082526627018353,0.8098354634794749,0.7848240985172589,0.8318989364691377
