iteration,strategy,af_val,ar_val,bg_val,bn_val,de_val
iter_1,average_dist,0.7547416612164812,0.4154980606112271,0.74559967253377,0.6086191732629728,0.7366805838061593
iter_1,gold_ur,0.7510588235294117
iter_1,knn_uncertainty_k_1_margin_min,0.7063129002744739,0.5368119532399165,0.7499252665493076,0.7024722932651322,0.7373244147157191
iter_1,uncertainty_margin_min,0.7881519639407598,0.45604372325551834,0.7868039275642985,0.6471890216910138,0.7774410894442267
iter_1,egalitarian,0.7754710954966465,0.42902845596901834,0.7862745098039217,0.5291595197255574,0.7572617751396158
iter_1,random,0.7754710954966465,0.42902845596901834,0.7862745098039217,0.5291595197255574,0.7572617751396158
