iteration,strategy,ur_test
iter_1,average_dist,0.6454416786788642
iter_1,egalitarian,0.7397393211717521
iter_1,random,0.7341172224710244
iter_1,gold_ur,0.7390485345607898
iter_1,knn_uncertainty_k_1,0.7343223051949168
iter_1,uncertainty,0.7229198061672758
