iteration,strategy,ar_val,bg_val,de_val,el_val,es_val
iter_1,average_dist,0.7082931516951297,0.7722583816376397,0.7859379046706942,0.7472689344417017,0.7972450353203278
iter_1,egalitarian,0.8027202814927996,0.839015821692049,0.8475319957030274,0.8252854660805445,0.8551362912957782
iter_1,random,0.8004861053448581,0.8314849664304043,0.8350129980049574,0.8174965426917756,0.8540147885832519
iter_1,gold_ur,0.7573879685756225
iter_1,knn_uncertainty_k_1,0.8068891825133879,0.8390678016621895,0.8407238168484259,0.8254652678046123,0.847871250125104
iter_1,uncertainty,0.7791699878459046,0.8199547033383291,0.8362505028221855,0.8094703350689795,0.8462856493873006
