iteration,strategy,af_val,ar_val,bg_val,bn_val,de_val
iter_1,knn_uncertainty_k_1_margin_min,0.6331828442437923,0.539151458430822,0.6955043929968575,0.676949443016281,0.6647782101167314
iter_1,average_dist,0.7079924480805537,0.3517539256448553,0.6867066582706393,0.5600691443388073,0.6932748638185617
iter_1,gold_ur,0.660176170607325
iter_1,random,0.701929060360921,0.3962538349749717,0.7097924023895177,0.5093220338983051,0.6874128490290106
iter_1,uncertainty_margin_min,0.7404730617608408,0.40257086915808293,0.7377853492333901,0.528695652173913,0.724648141465175
iter_1,egalitarian,0.701929060360921,0.3962538349749717,0.7097924023895177,0.5093220338983051,0.6874128490290106
