iteration,strategy,id_val,fi_val,te_val,ru_val,sw_val
iter_1,uncertainty,81.96628280324198,80.53126914518211,75.772222614502,72.57430677897831,77.44667969946327
iter_1,knn_uncertainty_k_1,80.93620112523551,78.16006166225034,76.29366266948023,73.52547984688137,73.67237999531294
iter_1,average_dist,78.63355605866575,76.73336861448381,76.1967060554468,71.6784766778365,73.70378235765968
iter_1,egalitarian,79.63032458763912,77.46522010664901,75.95077543416075,69.33623715978023,78.0034360821835
iter_1,gold_ar,74.2707113895527
iter_1,random,80.61786180262337,78.17112719073054,76.87186837103688,71.3619423809753,73.69400016174279
