iteration,strategy,ar_val,bg_val,de_val,el_val,es_val
iter_1,uncertainty,0.7599849476573332,0.8035309182987634,0.8078940379576391,0.7795225546906006,0.8307103312168024
iter_1,gold_ur,0.7107569568105845
iter_1,egalitarian,0.6438898372447583,0.7329908230251309,0.725765262979875,0.69742780592038,0.7508608385273253
iter_1,random,0.6438898372447583,0.7329908230251309,0.725765262979875,0.69742780592038,0.7508608385273253
iter_1,average_dist,0.636865320273587,0.7130927729983396,0.7251257270192908,0.693439196792373,0.7423887676238778
iter_1,knn_uncertainty_k_1,0.7743763623958957,0.8099546531108018,0.8053993240283462,0.7871770891683117,0.8339460801328059
