iteration,strategy,id_val,fi_val,te_val,ru_val,sw_val
iter_1,egalitarian,76.8069410819579,75.33514140583611,75.3881815433589,68.00646628091359,75.9329988980274
iter_1,knn_uncertainty_k_1,76.5398030462592,74.67320388022709,75.71197981492688,67.63660639861861,75.7541648815006
iter_1,average_dist,75.90362404922423,73.38059817775104,75.06795240457829,68.99384882852696,75.09199080038182
iter_1,random,76.8069410819579,75.33514140583611,75.3881815433589,68.00646628091359,75.9329988980274
iter_1,uncertainty,76.40634102767295,74.82770867668518,75.15532042161382,67.95332680620207,75.79260524095197
iter_1,gold_ar,71.63778492045024
