{"English_val": 0.9640665037840415, "English_test": 0.9608232896359107}