iteration,strategy,ur_test
iter_1,knn_uncertainty_k_1_margin_min,0.8419029312830371
iter_1,egalitarian,0.827652424387902
iter_1,uncertainty_margin_min,0.8019047619047619
iter_1,random,0.8078393881453154
iter_1,average_dist,0.8076190476190476
iter_1,gold_ur,0.8660585693710994
