iteration,strategy,af_val,ar_val,bg_val,bn_val,de_val
iter_1,knn_uncertainty_k_1_margin_min,0.833116036505867,0.7913269731136167,0.8479227719358732,0.7666083916083917,0.8158378709747215
iter_1,egalitarian,0.8318181818181818,0.7759813245720214,0.8741299906506459,0.7851129818342933,0.8150003578329634
iter_1,uncertainty_margin_min,0.8246013667425968,0.7327652982184354,0.8636661042046903,0.7605263157894737,0.8068035943517329
iter_1,random,0.8445901639344262,0.7411992263056093,0.8656365584707386,0.7466083150984684,0.8199683270947307
iter_1,average_dist,0.8324149108589951,0.7277607683596864,0.8578046672428695,0.7684859154929576,0.8156448658549724
iter_1,gold_ur,0.8919049927290355
