iteration,strategy,af_val,ar_val,bg_val,bn_val,de_val
iter_1,random,0.8322899505766063,0.7400207361327111,0.8645609163484902,0.7813462384513858,0.8203757225433527
iter_1,egalitarian,0.8376347598823914,0.7397388855704412,0.8609454194393683,0.7819947043248014,0.8110506727741197
iter_1,gold_ur,0.9000969932104752
iter_1,knn_uncertainty_k_1_margin_min,0.8186226964112512,0.7603497042941629,0.8379618449649843,0.765938864628821,0.8059669379997849
iter_1,average_dist,0.8182695400450306,0.6761103853690399,0.8571527273983487,0.7252843394575678,0.811214010305935
iter_1,uncertainty_margin_min,0.814359637774903,0.655154943848687,0.8556626754039868,0.7495590828924162,0.8034968777876895
