iteration,strategy,af_val,ar_val,bg_val,bn_val,de_val
iter_1,knn_uncertainty_k_1_margin_min,0.79616,0.7267824035058148,0.8350850765175117,0.7773351040283311,0.7927723649247121
iter_1,random,0.7869372225745085,0.6653658536585367,0.8367708120618066,0.724152724152724,0.7927459318876744
iter_1,egalitarian,0.8065764023210831,0.6375036946332813,0.8352189219673924,0.7686205376817983,0.7999572710440108
iter_1,average_dist,0.7739898989898991,0.6031811269573795,0.8363586733997543,0.7238095238095238,0.798367519262569
iter_1,uncertainty_margin_min,0.7699115044247787,0.48213057028372525,0.7971952896970509,0.682532936676583,0.7591105620753552
iter_1,gold_ur,0.8720194647201946
