{"English_val": 0.964098722129047, "English_test": 0.9603200563621267}