iteration,strategy
iter_1,egalitarian
iter_1,knn_uncertainty_k_1,76.0500903322096,74.45839057279268,75.18093215950176,69.0009293427412,75.27777722077431
iter_1,random
iter_1,gold_ar,70.3023263024691
iter_1,uncertainty,76.28292832175278,74.92897193269606,75.79490413698164,68.17466316722593,75.91974044310064
iter_1,average_dist,75.56805024841226,73.45347525254873,75.11999698949484,69.14878492362892,75.10422321628396
