iteration,strategy,ar_val,bg_val,de_val,el_val,es_val
iter_1,egalitarian,0.78733703925587,0.8263487209792393,0.8327903468582598,0.8100063398905655,0.8516979467421707
iter_1,average_dist,0.7262180496637302,0.79135917013506,0.8026463361108992,0.7684318642231974,0.8138150665196348
iter_1,random,0.808306749328258,0.8401694082831449,0.8444950761713644,0.8223373798905013,0.8512981089291008
iter_1,gold_ur,0.7394966983781806
iter_1,knn_uncertainty_k_1,0.8047405111529146,0.8378326545637936,0.8349006760335755,0.8234014408455499,0.8483022887502342
iter_1,uncertainty,0.779395032557514,0.8144976127514997,0.8310005388182184,0.807498702810249,0.8414592171340736
