iteration,strategy,ur_test
iter_1,average_dist,0.7379189695501622
iter_1,gold_ur,0.737891837045886
iter_1,random,0.7218350610582653
iter_1,uncertainty,0.7218830649641376
iter_1,knn_uncertainty_k_1,0.7196916240290471
iter_1,egalitarian,0.7180952742460492
