iteration,strategy,ar_val,bg_val,de_val,el_val,es_val
iter_1,average_dist,0.798526526420158,0.8286448887984725,0.8368950897820944,0.8219085879777949,0.8435295133307535
iter_1,gold_ur,0.7467973788793486
iter_1,random,0.7878150375363571,0.8320346735044073,0.831315857588116,0.8040248377909777,0.8415038453516956
iter_1,uncertainty,0.800889598229018,0.8236893031590251,0.8354109932509616,0.8123963799127024,0.8543032636484323
iter_1,knn_uncertainty_k_1,0.7837600887784819,0.8245187911872223,0.8236657435008348,0.8066725132457327,0.8376728322004033
iter_1,egalitarian,0.7856514377878803,0.8299904592229883,0.8314629561661182,0.8058922966652455,0.8443451194317924
