iteration,strategy,ar_val,bg_val,de_val,el_val,es_val
iter_1,uncertainty,0.7993315358145342,0.8297184502792165,0.8306953711005154,0.8113122831855232,0.8558327678035106
iter_1,gold_ur,0.7380393026055753
iter_1,knn_uncertainty_k_1,0.7928068819452179,0.8320408952525296,0.8256315594925638,0.811742135021209,0.8443782199317468
iter_1,random,0.7853042823398351,0.8156914771453752,0.8257127415334695,0.8099642463746692,0.8428109052186264
iter_1,egalitarian,0.7964454247748757,0.8353091625245064,0.8348309996916393,0.8177322994738474,0.8491659763386674
iter_1,average_dist,0.782263155157018,0.8299682018034829,0.8353223713737122,0.8085048567668229,0.8418652626136399
