iteration,strategy,ur_test
iter_1,average_dist,0.39522673031026256
iter_1,uncertainty_margin_min,0.5061611374407583
iter_1,gold_ur,0.660093896713615
iter_1,knn_uncertainty_k_1_margin_min,0.5013309671694766
iter_1,egalitarian,0.49397590361445787
iter_1,random,0.49397590361445787
