iteration,strategy,af_val,ar_val,bg_val,bn_val,de_val
iter_1,average_dist,0.7354838709677419,0.38535824231434235,0.7292554097802011,0.5701676963812886,0.7258656966584643
iter_1,uncertainty_margin_min,0.783974358974359,0.464847893419322,0.7904341926729985,0.6549295774647889,0.7837510680717745
iter_1,gold_ur,0.6585707613264828
iter_1,knn_uncertainty_k_1_margin_min,0.6203115983843046,0.4314399619618888,0.6667742351878146,0.6016666666666666,0.6494686051278817
iter_1,egalitarian,0.7491166077738516,0.42693075898801597,0.7504481044336974,0.5419187554019015,0.734240410645853
iter_1,random,0.7491166077738516,0.42693075898801597,0.7504481044336974,0.5419187554019015,0.734240410645853
